{"cameraMode":{"drawMode":0,"name":"Shaded","section":"Shading Mode"},"sceneLighting":true,"audioPlay":false,"sceneViewState":{"showFog":true,"showMaterialUpdate":false,"showSkybox":true,"showFlares":true,"showImageEffects":true,"showParticleSystems":true},"in2DMode":false,"pivot":{"x":1.7602081298828126,"y":-3.1529102325439455,"z":1.7049531936645508},"rotation":{"x":-0.15865294635295869,"y":0.8405020833015442,"z":-0.3862958550453186,"w":-0.3451969027519226},"size":88.28443908691406,"orthographic":false}